feature,mean_abs_shap_raw_margin
payment_principal_ratio,0.28035800397947724
loan_to_goods_price_ratio,0.13963989189763257
years_employed,0.12925875156246755
age_years,0.1278030912860531
education_level_HIGHER,0.0839352568913065
requested_amount,0.0664544855072811
quoted_monthly_payment,0.06128685919975224
education_level_SECONDARY,0.06073997946199785
employment_type_WORKING,0.042657893354804764
employed_age_ratio,0.042511223578540605
proposed_payment_income_ratio,0.03985360271804553
credit_bureau_inquiry_history_missing,0.0374137489695473
credit_bureau_inquiries_12m,0.03333037472130437
income_per_household_member,0.033067921489561454
credit_bureau_inquiries_3m,0.03189914848592675
principal_income_ratio,0.022830631929674015
occupation_ACCOUNTANT,0.02256060881267273
employment_type_COMMERCIAL_ASSOCIATE,0.022152660748546632
employment_type_PENSIONER,0.02119275905726795
occupation_LABORER,0.020029200806057378
annual_income,0.019280372577744464
occupation_CORE_STAFF,0.01844208847478431
household_size,0.0166188379485843
occupation_DRIVER,0.014774248565059347
employment_type_STATE_SERVANT,0.013012314205748079
occupation_HIGH_TECH,0.009936336498279063
credit_bureau_inquiries_1m,0.009120935501171717
housing_status_OWN_OR_APARTMENT,0.009106646524965574
occupation_MEDICAL,0.006885180586887393
dependent_children,0.005296588546064886
housing_status_OFFICE,0.004767254083650054
occupation_PRIVATE_SERVICE,0.004007157454246208
occupation_MANAGER,0.003933172757798684
employment_tenure_missing,0.0036720701148966893
occupation_MISSING,0.003351443311945043
education_level_INCOMPLETE_HIGHER,0.003126180667098828
education_level_LOWER_SECONDARY,0.003006923021668294
housing_status_WITH_PARENTS,0.002274024414041437
occupation_SALES,0.0018284520072354244
housing_status_RENTED,0.0015426905840922463
occupation_LOW_SKILL_LABOR,0.0013862047336026962
occupation_SECURITY,0.0013154345413466276
housing_status_MUNICIPAL,0.0009618988068193998
occupation_CLEANING,0.00033787355467743575
occupation_COOKING,0.00014236554748862104
housing_status_COOPERATIVE,9.480904513590148e-05
occupation_SECRETARY,9.248028157327058e-05
occupation_REALTY_AGENT,8.374672413617251e-05
occupation_HR,2.4837691349801547e-05
employment_type_BUSINESSMAN,0.0
employment_type_MATERNITY_LEAVE,0.0
employment_type_OTHER,0.0
employment_type_STUDENT,0.0
education_level_ACADEMIC_DEGREE,0.0
employment_type_UNEMPLOYED,0.0
occupation_IT,0.0
education_level_OTHER,0.0
occupation_WAITING_BAR,0.0
occupation_OTHER,0.0
housing_status_MISSING,0.0
housing_status_OTHER,0.0
